{"results": {"load_nexus.LoadNexus.time_load_event_nexus": {"result": [5.895461904999991], "stats": [{"ci_99": [4.443324455000777, 7.347599354999202], "q_25": 5.880940530499998, "q_75": 5.909983279499983, "min": 5.866419156000006, "max": 5.924504653999975, "mean": 5.895461904999991, "std": 0.02904274899998427, "repeat": 2, "number": 1}]}, "transform_coords.TransformCoords.time_energy_to_tof": {"result": [0.0018628268000043136], "stats": [{"ci_99": [0.00157010756038741, 0.002275022839621702], "q_25": 0.0018201614500014786, "q_75": 0.001965230550007391, "min": 0.0018117015999905561, "max": 0.0021529056000190393, "mean": 0.0019225652000045557, "std": 0.00013753190753263935, "repeat": 4, "number": 5}]}, "transform_coords.TransformCoords.time_tof_to_dspacing": {"result": [0.044509777499968095], "stats": [{"ci_99": [0.039674278861546036, 0.0507482971384344], "q_25": 0.04369481999995628, "q_75": 0.046026245500002005, "min": 0.043196517000069434, "max": 0.04862907999995514, "mean": 0.04521128799999019, "std": 0.002095642372623585, "repeat": 4, "number": 1}]}, "transform_coords.TransformCoords.time_tof_to_energy": {"result": [0.34400047099995845], "stats": [{"ci_99": [0.3292423736068099, 0.36559101189316606], "q_25": 0.342369622749942, "q_75": 0.34904754100000446, "min": 0.3418171570000368, "max": 0.35984867199999826, "mean": 0.347416692749988, "std": 0.00730472265132622, "repeat": 4, "number": 1}]}, "transform_coords.TransformCoords.time_tof_to_wavelength": {"result": [0.0017893110999921192], "stats": [{"ci_99": [0.0016501766869793095, 0.001986827313004481], "q_25": 0.0017748251999933017, "q_75": 0.0018329878999907123, "min": 0.0017622377999941818, "max": 0.00193314799998916, "mean": 0.001818501999991895, "std": 6.750065762333868e-05, "repeat": 4, "number": 5}]}, "transform_coords.TransformCoords.time_wavelength_to_tof": {"result": [0.043999815000063336], "stats": [{"ci_99": [0.037287767880769575, 0.05173018811930787], "q_25": 0.04275899275009465, "q_75": 0.04574980025000741, "min": 0.041411341000070934, "max": 0.04862494099995729, "mean": 0.044508978000038724, "std": 0.002660276173317433, "repeat": 4, "number": 1}]}}, "params": {"cpu": "2 Core CPU", "machine": "cloud-container", "os": "Ubuntu latest", "ram": "7GB", "python": "3.9", "appdirs": "", "cmake": "", "conan": "", "ess-dmsc::ess-streaming-data-types": "", "h5py": "", "ipykernel": "6.3.1", "ipympl": "", "ipywidgets": "", "mantid-framework": "", "matplotlib-base": "", "ninja": "", "numpy": "", "pip": "", "pooch": "", "python-configuration": "", "python-confluent-kafka": "", "pythreejs": "", "pyyaml": "", "scipp::scipp": "", "scipy": "", "tbb": ""}, "requirements": {"appdirs": "", "cmake": "", "conan": "", "ess-dmsc::ess-streaming-data-types": "", "h5py": "", "ipykernel": "6.3.1", "ipympl": "", "ipywidgets": "", "mantid-framework": "", "matplotlib-base": "", "ninja": "", "numpy": "", "pip": "", "pooch": "", "python-configuration": "", "python-confluent-kafka": "", "pythreejs": "", "pyyaml": "", "scipp::scipp": "", "scipy": "", "tbb": ""}, "commit_hash": "103b066ca64cd3ab983453ca8a44a3a9463a1aa5", "date": 1634830958000, "env_name": "conda-py3.9-appdirs-cmake-conan-ess-dmsc__ess-streaming-data-types-h5py-ipykernel6.3.1-ipympl-ipywidgets-mantid-framework-matplotlib-base-ninja-numpy-pip-pooch-python-configuration-python-confluent-kafka-pythreejs-pyyaml-scipp__scipp-scipy-tbb", "python": "3.9", "profiles": {}, "started_at": {"load_nexus.LoadNexus.time_load_event_nexus": 1634864265915, "transform_coords.TransformCoords.time_energy_to_tof": 1634864278254, "transform_coords.TransformCoords.time_tof_to_dspacing": 1634864297612, "transform_coords.TransformCoords.time_tof_to_energy": 1634864317273, "transform_coords.TransformCoords.time_tof_to_wavelength": 1634864337834, "transform_coords.TransformCoords.time_wavelength_to_tof": 1634864357492}, "ended_at": {"load_nexus.LoadNexus.time_load_event_nexus": 1634864278253, "transform_coords.TransformCoords.time_energy_to_tof": 1634864297611, "transform_coords.TransformCoords.time_tof_to_dspacing": 1634864317273, "transform_coords.TransformCoords.time_tof_to_energy": 1634864337833, "transform_coords.TransformCoords.time_tof_to_wavelength": 1634864357492, "transform_coords.TransformCoords.time_wavelength_to_tof": 1634864377251}, "benchmark_version": {"load_nexus.LoadNexus.time_load_event_nexus": "9bb61e37c240f4221eff71f827efb0f1cfb5371f7c6b0e72f79b9ca92578e5e9", "transform_coords.TransformCoords.time_energy_to_tof": "f1ea8beffb41e75997f96056160ef6dd12d9afb53546d00f7e0cb2b307a616bb", "transform_coords.TransformCoords.time_tof_to_dspacing": "76d3e8bdf45621127e026f90298e8f292d01ddb57cb7caf05a5ce555a659d8ac", "transform_coords.TransformCoords.time_tof_to_energy": "32774381c7e0285d159959187b4537339285cc2573292bc6b39f5edd04d4bc0b", "transform_coords.TransformCoords.time_tof_to_wavelength": "46879c3a68b31604accd5a00f4187eb567d166242d70d944aa010a5d6f8de380", "transform_coords.TransformCoords.time_wavelength_to_tof": "d4710ab73daad9eb187b2c50c320802720ae09b880a656f3ac5284d75fea178b"}, "version": 1}