{"results": {"load_nexus.LoadNexus.time_load_event_nexus": {"result": [4.831687640000041], "stats": [{"ci_99": [4.323149087535019, 5.3643279544649705], "q_25": 4.7840978680000035, "q_75": 4.897353733500012, "min": 4.736508095999966, "max": 4.963019826999982, "mean": 4.843738520999996, "std": 0.09286480808075169, "repeat": 3, "number": 1}]}, "transform_coords.TransformCoords.time_energy_to_tof": {"result": [0.0013891469999975925], "stats": [{"ci_99": [0.0012084636078320745, 0.001622900166656412], "q_25": 0.0013234000833222126, "q_75": 0.001478371416666846, "min": 0.0012436183333382662, "max": 0.001622900166656412, "mean": 0.001409068305551702, "std": 0.00012527373117523114, "repeat": 6, "number": 6}]}, "transform_coords.TransformCoords.time_tof_to_dspacing": {"result": [0.036790009000014834], "stats": [{"ci_99": [0.03530998999997337, 0.03775971328191692], "q_25": 0.03633152500000847, "q_75": 0.03716298625001002, "min": 0.03530998999997337, "max": 0.03742046299998947, "mean": 0.03662941333333455, "std": 0.0007122305784520743, "repeat": 6, "number": 1}]}, "transform_coords.TransformCoords.time_tof_to_energy": {"result": [0.26964574449999645], "stats": [{"ci_99": [0.2608369667680977, 0.2834376830000451], "q_25": 0.2666891044999886, "q_75": 0.2727778890000252, "min": 0.2627092879999964, "max": 0.2834376830000451, "mean": 0.2708273258333425, "std": 0.006582136713274519, "repeat": 6, "number": 1}]}, "transform_coords.TransformCoords.time_tof_to_wavelength": {"result": [0.001420657833331044], "stats": [{"ci_99": [0.0012853072628270467, 0.0015690820149464617], "q_25": 0.0013671827916681423, "q_75": 0.001494909874997082, "min": 0.001303906833337957, "max": 0.0015489269999875432, "mean": 0.0014271946388867542, "std": 8.591048490442478e-05, "repeat": 6, "number": 6}]}, "transform_coords.TransformCoords.time_wavelength_to_tof": {"result": [0.034402768499973035], "stats": [{"ci_99": [0.033664171101292065, 0.03540669999995316], "q_25": 0.034214179250014354, "q_75": 0.03469944324999119, "min": 0.03371526300009009, "max": 0.03540669999995316, "mean": 0.03447952516666911, "std": 0.0005245488183195071, "repeat": 6, "number": 1}]}}, "params": {"cpu": "2 Core CPU", "machine": "cloud-container", "os": "Ubuntu latest", "ram": "7GB", "python": "3.9", "appdirs": "", "cmake": "", "conan": "", "ess-dmsc::ess-streaming-data-types": "", "h5py": "", "ipykernel": "6.3.1", "ipympl": "", "ipywidgets": "", "mantid-framework": "", "matplotlib-base": "", "ninja": "", "numpy": "", "pip": "", "pooch": "", "python-configuration": "", "python-confluent-kafka": "", "pythreejs": "", "pyyaml": "", "scipp::scipp": "", "scipy": "", "tbb": ""}, "requirements": {"appdirs": "", "cmake": "", "conan": "", "ess-dmsc::ess-streaming-data-types": "", "h5py": "", "ipykernel": "6.3.1", "ipympl": "", "ipywidgets": "", "mantid-framework": "", "matplotlib-base": "", "ninja": "", "numpy": "", "pip": "", "pooch": "", "python-configuration": "", "python-confluent-kafka": "", "pythreejs": "", "pyyaml": "", "scipp::scipp": "", "scipy": "", "tbb": ""}, "commit_hash": "103b066ca64cd3ab983453ca8a44a3a9463a1aa5", "date": 1634830958000, "env_name": "conda-py3.9-appdirs-cmake-conan-ess-dmsc__ess-streaming-data-types-h5py-ipykernel6.3.1-ipympl-ipywidgets-mantid-framework-matplotlib-base-ninja-numpy-pip-pooch-python-configuration-python-confluent-kafka-pythreejs-pyyaml-scipp__scipp-scipy-tbb", "python": "3.9", "profiles": {}, "started_at": {"load_nexus.LoadNexus.time_load_event_nexus": 1634879900701, "transform_coords.TransformCoords.time_energy_to_tof": 1634879915952, "transform_coords.TransformCoords.time_tof_to_dspacing": 1634879935713, "transform_coords.TransformCoords.time_tof_to_energy": 1634879955170, "transform_coords.TransformCoords.time_tof_to_wavelength": 1634879975629, "transform_coords.TransformCoords.time_wavelength_to_tof": 1634879995288}, "ended_at": {"load_nexus.LoadNexus.time_load_event_nexus": 1634879915951, "transform_coords.TransformCoords.time_energy_to_tof": 1634879935712, "transform_coords.TransformCoords.time_tof_to_dspacing": 1634879955169, "transform_coords.TransformCoords.time_tof_to_energy": 1634879975628, "transform_coords.TransformCoords.time_tof_to_wavelength": 1634879995288, "transform_coords.TransformCoords.time_wavelength_to_tof": 1634880014798}, "benchmark_version": {"load_nexus.LoadNexus.time_load_event_nexus": "9bb61e37c240f4221eff71f827efb0f1cfb5371f7c6b0e72f79b9ca92578e5e9", "transform_coords.TransformCoords.time_energy_to_tof": "f1ea8beffb41e75997f96056160ef6dd12d9afb53546d00f7e0cb2b307a616bb", "transform_coords.TransformCoords.time_tof_to_dspacing": "76d3e8bdf45621127e026f90298e8f292d01ddb57cb7caf05a5ce555a659d8ac", "transform_coords.TransformCoords.time_tof_to_energy": "32774381c7e0285d159959187b4537339285cc2573292bc6b39f5edd04d4bc0b", "transform_coords.TransformCoords.time_tof_to_wavelength": "46879c3a68b31604accd5a00f4187eb567d166242d70d944aa010a5d6f8de380", "transform_coords.TransformCoords.time_wavelength_to_tof": "d4710ab73daad9eb187b2c50c320802720ae09b880a656f3ac5284d75fea178b"}, "version": 1}