{"results": {"load_nexus.LoadNexus.time_load_event_nexus": {"result": [4.377767486500005], "stats": [{"ci_99": [4.254065291888589, 4.490507925111421], "q_25": 4.35186327800001, "q_75": 4.398190817, "min": 4.306711678999989, "max": 4.426899782000021, "mean": 4.372286608500005, "std": 0.04352687299156345, "repeat": 4, "number": 1}]}, "transform_coords.TransformCoords.time_energy_to_tof": {"result": [0.0012959994166739839], "stats": [{"ci_99": [0.0012111606472348711, 0.0014111923333359755], "q_25": 0.0012567782083223733, "q_75": 0.0013344331249977397, "min": 0.0012384398333343445, "max": 0.0014111923333359755, "mean": 0.001305429972221519, "std": 5.908355190112361e-05, "repeat": 6, "number": 6}]}, "transform_coords.TransformCoords.time_tof_to_dspacing": {"result": [0.03863953200004744], "stats": [{"ci_99": [0.0379377874338452, 0.03958762000002025], "q_25": 0.03834185575004767, "q_75": 0.03882560900001408, "min": 0.038100512000028175, "max": 0.03958762000002025, "mean": 0.038682910166699, "std": 0.000480724837555269, "repeat": 6, "number": 1}]}, "transform_coords.TransformCoords.time_tof_to_energy": {"result": [0.24925189900000078], "stats": [{"ci_99": [0.24397815311862797, 0.25513834399998814], "q_25": 0.24712250425000093, "q_75": 0.25075835574997996, "min": 0.24448163399995337, "max": 0.25513834399998814, "mean": 0.24929949833331952, "std": 0.0033781902862507628, "repeat": 6, "number": 1}]}, "transform_coords.TransformCoords.time_tof_to_wavelength": {"result": [0.0013448080833266354], "stats": [{"ci_99": [0.0012551193345194927, 0.0015349924999933744], "q_25": 0.0013188660416621663, "q_75": 0.0014067251249940682, "min": 0.0013000406666681859, "max": 0.0015349924999933744, "mean": 0.0013770386944397866, "std": 8.089851199029216e-05, "repeat": 6, "number": 6}]}, "transform_coords.TransformCoords.time_wavelength_to_tof": {"result": [0.036301121999997576], "stats": [{"ci_99": [0.03504041000007874, 0.03728802770130387], "q_25": 0.03575692149999554, "q_75": 0.03668787125000961, "min": 0.03504041000007874, "max": 0.03703252100001464, "mean": 0.036177914000016166, "std": 0.0006849726996705458, "repeat": 6, "number": 1}]}}, "params": {"cpu": "2 Core CPU", "machine": "cloud-container", "os": "Ubuntu latest", "ram": "7GB", "python": "3.9", "appdirs": "", "cmake": "", "conan": "", "ess-dmsc::ess-streaming-data-types": "", "h5py": "", "ipykernel": "6.3.1", "ipympl": "", "ipywidgets": "", "mantid-framework": "", "matplotlib-base": "", "ninja": "", "numpy": "", "pip": "", "pooch": "", "python-configuration": "", "python-confluent-kafka": "", "pythreejs": "", "pyyaml": "", "scipp::scipp": "", "scipy": "", "tbb": ""}, "requirements": {"appdirs": "", "cmake": "", "conan": "", "ess-dmsc::ess-streaming-data-types": "", "h5py": "", "ipykernel": "6.3.1", "ipympl": "", "ipywidgets": "", "mantid-framework": "", "matplotlib-base": "", "ninja": "", "numpy": "", "pip": "", "pooch": "", "python-configuration": "", "python-confluent-kafka": "", "pythreejs": "", "pyyaml": "", "scipp::scipp": "", "scipy": "", "tbb": ""}, "commit_hash": "103b066ca64cd3ab983453ca8a44a3a9463a1aa5", "date": 1634830958000, "env_name": "conda-py3.9-appdirs-cmake-conan-ess-dmsc__ess-streaming-data-types-h5py-ipykernel6.3.1-ipympl-ipywidgets-mantid-framework-matplotlib-base-ninja-numpy-pip-pooch-python-configuration-python-confluent-kafka-pythreejs-pyyaml-scipp__scipp-scipy-tbb", "python": "3.9", "profiles": {}, "started_at": {"load_nexus.LoadNexus.time_load_event_nexus": 1634858368919, "transform_coords.TransformCoords.time_energy_to_tof": 1634858382808, "transform_coords.TransformCoords.time_tof_to_dspacing": 1634858401806, "transform_coords.TransformCoords.time_tof_to_energy": 1634858420653, "transform_coords.TransformCoords.time_tof_to_wavelength": 1634858440355, "transform_coords.TransformCoords.time_wavelength_to_tof": 1634858460155}, "ended_at": {"load_nexus.LoadNexus.time_load_event_nexus": 1634858382807, "transform_coords.TransformCoords.time_energy_to_tof": 1634858401805, "transform_coords.TransformCoords.time_tof_to_dspacing": 1634858420653, "transform_coords.TransformCoords.time_tof_to_energy": 1634858440355, "transform_coords.TransformCoords.time_tof_to_wavelength": 1634858460155, "transform_coords.TransformCoords.time_wavelength_to_tof": 1634858478905}, "benchmark_version": {"load_nexus.LoadNexus.time_load_event_nexus": "9bb61e37c240f4221eff71f827efb0f1cfb5371f7c6b0e72f79b9ca92578e5e9", "transform_coords.TransformCoords.time_energy_to_tof": "f1ea8beffb41e75997f96056160ef6dd12d9afb53546d00f7e0cb2b307a616bb", "transform_coords.TransformCoords.time_tof_to_dspacing": "76d3e8bdf45621127e026f90298e8f292d01ddb57cb7caf05a5ce555a659d8ac", "transform_coords.TransformCoords.time_tof_to_energy": "32774381c7e0285d159959187b4537339285cc2573292bc6b39f5edd04d4bc0b", "transform_coords.TransformCoords.time_tof_to_wavelength": "46879c3a68b31604accd5a00f4187eb567d166242d70d944aa010a5d6f8de380", "transform_coords.TransformCoords.time_wavelength_to_tof": "d4710ab73daad9eb187b2c50c320802720ae09b880a656f3ac5284d75fea178b"}, "version": 1}