{"results": {"load_nexus.LoadNexus.time_load_event_nexus": {"result": [5.258552756499967], "stats": [{"ci_99": [4.428376881499162, 6.0887286315007705], "q_25": 5.2502509977499585, "q_75": 5.266854515249975, "min": 5.2419492389999505, "max": 5.275156273999983, "mean": 5.258552756499967, "std": 0.016603517500016096, "repeat": 2, "number": 1}]}, "transform_coords.TransformCoords.time_energy_to_tof": {"result": [0.0015533849166663078], "stats": [{"ci_99": [0.0013438331777679534, 0.0017659856555646961], "q_25": 0.0014954881249996295, "q_75": 0.0016128062083330026, "min": 0.0014645010000056875, "max": 0.0016483668333269936, "mean": 0.0015549094166663242, "std": 7.320860675661847e-05, "repeat": 4, "number": 6}]}, "transform_coords.TransformCoords.time_tof_to_dspacing": {"result": [0.04508905450001066], "stats": [{"ci_99": [0.03585279311317878, 0.055762814886918595], "q_25": 0.044114273750011535, "q_75": 0.04678258475004782, "min": 0.04125108800008093, "max": 0.051802019000092514, "mean": 0.04580780400004869, "std": 0.0037989573239227345, "repeat": 4, "number": 1}]}, "transform_coords.TransformCoords.time_tof_to_energy": {"result": [0.31617622499999243], "stats": [{"ci_99": [0.2923791379583434, 0.3322459400416079], "q_25": 0.3103914210000198, "q_75": 0.3180973429999483, "min": 0.2987733779999644, "max": 0.3181243279999535, "mean": 0.3123125389999757, "std": 0.007972677400218946, "repeat": 4, "number": 1}]}, "transform_coords.TransformCoords.time_tof_to_wavelength": {"result": [0.001555085083339236], "stats": [{"ci_99": [0.001268948683018873, 0.0018413549003269433], "q_25": 0.0015106720000090945, "q_75": 0.0015995648750030493, "min": 0.0014040835000059815, "max": 0.0017063535000071777, "mean": 0.0015551517916729078, "std": 0.00010705305968992545, "repeat": 4, "number": 6}]}, "transform_coords.TransformCoords.time_wavelength_to_tof": {"result": [0.040963868500000444], "stats": [{"ci_99": [0.04067071503302101, 0.041326452966965674], "q_25": 0.04090699025005051, "q_75": 0.041055462249943275, "min": 0.04087590500000715, "max": 0.04119069399996533, "mean": 0.04099858399999334, "std": 0.00012113452288557003, "repeat": 4, "number": 1}]}}, "params": {"cpu": "2 Core CPU", "machine": "cloud-container", "os": "Ubuntu latest", "ram": "7GB", "python": "3.9", "appdirs": "", "cmake": "", "conan": "", "ess-dmsc::ess-streaming-data-types": "", "h5py": "", "ipykernel": "6.3.1", "ipympl": "", "ipywidgets": "", "mantid-framework": "", "matplotlib-base": "", "ninja": "", "numpy": "", "pip": "", "pooch": "", "python-configuration": "", "python-confluent-kafka": "", "pythreejs": "", "pyyaml": "", "scipp::scipp": "", "scipy": "", "tbb": ""}, "requirements": {"appdirs": "", "cmake": "", "conan": "", "ess-dmsc::ess-streaming-data-types": "", "h5py": "", "ipykernel": "6.3.1", "ipympl": "", "ipywidgets": "", "mantid-framework": "", "matplotlib-base": "", "ninja": "", "numpy": "", "pip": "", "pooch": "", "python-configuration": "", "python-confluent-kafka": "", "pythreejs": "", "pyyaml": "", "scipp::scipp": "", "scipy": "", "tbb": ""}, "commit_hash": "103b066ca64cd3ab983453ca8a44a3a9463a1aa5", "date": 1634830958000, "env_name": "conda-py3.9-appdirs-cmake-conan-ess-dmsc__ess-streaming-data-types-h5py-ipykernel6.3.1-ipympl-ipywidgets-mantid-framework-matplotlib-base-ninja-numpy-pip-pooch-python-configuration-python-confluent-kafka-pythreejs-pyyaml-scipp__scipp-scipy-tbb", "python": "3.9", "profiles": {}, "started_at": {"load_nexus.LoadNexus.time_load_event_nexus": 1634883809499, "transform_coords.TransformCoords.time_energy_to_tof": 1634883820736, "transform_coords.TransformCoords.time_tof_to_dspacing": 1634883837838, "transform_coords.TransformCoords.time_tof_to_energy": 1634883855142, "transform_coords.TransformCoords.time_tof_to_wavelength": 1634883873199, "transform_coords.TransformCoords.time_wavelength_to_tof": 1634883890511}, "ended_at": {"load_nexus.LoadNexus.time_load_event_nexus": 1634883820735, "transform_coords.TransformCoords.time_energy_to_tof": 1634883837837, "transform_coords.TransformCoords.time_tof_to_dspacing": 1634883855141, "transform_coords.TransformCoords.time_tof_to_energy": 1634883873199, "transform_coords.TransformCoords.time_tof_to_wavelength": 1634883890511, "transform_coords.TransformCoords.time_wavelength_to_tof": 1634883908116}, "benchmark_version": {"load_nexus.LoadNexus.time_load_event_nexus": "9bb61e37c240f4221eff71f827efb0f1cfb5371f7c6b0e72f79b9ca92578e5e9", "transform_coords.TransformCoords.time_energy_to_tof": "f1ea8beffb41e75997f96056160ef6dd12d9afb53546d00f7e0cb2b307a616bb", "transform_coords.TransformCoords.time_tof_to_dspacing": "76d3e8bdf45621127e026f90298e8f292d01ddb57cb7caf05a5ce555a659d8ac", "transform_coords.TransformCoords.time_tof_to_energy": "32774381c7e0285d159959187b4537339285cc2573292bc6b39f5edd04d4bc0b", "transform_coords.TransformCoords.time_tof_to_wavelength": "46879c3a68b31604accd5a00f4187eb567d166242d70d944aa010a5d6f8de380", "transform_coords.TransformCoords.time_wavelength_to_tof": "d4710ab73daad9eb187b2c50c320802720ae09b880a656f3ac5284d75fea178b"}, "version": 1}