{"results": {"load_nexus.LoadNexus.time_load_event_nexus": {"result": [5.773585534499944], "stats": [{"ci_99": [3.3866411594983674, 8.160529909501518], "q_25": 5.749716090749928, "q_75": 5.797454978249959, "min": 5.725846646999912, "max": 5.821324421999975, "mean": 5.773585534499944, "std": 0.047738887500031524, "repeat": 2, "number": 1}]}, "transform_coords.TransformCoords.time_energy_to_tof": {"result": [0.0017516511999929206], "stats": [{"ci_99": [0.001489263957826469, 0.0020375115421741967], "q_25": 0.0017176876999968726, "q_75": 0.0017973512499963817, "min": 0.0016298972000072353, "max": 0.0019203514000082577, "mean": 0.0017633877500003337, "std": 0.00010341299189827843, "repeat": 4, "number": 5}]}, "transform_coords.TransformCoords.time_tof_to_dspacing": {"result": [0.039980758000012884], "stats": [{"ci_99": [0.0354220686274248, 0.046434042872605906], "q_25": 0.039658973500024786, "q_75": 0.041249840250003444, "min": 0.03901672300003156, "max": 0.04473398400000406, "mean": 0.040928055750015346, "std": 0.002233619696274413, "repeat": 4, "number": 1}]}, "transform_coords.TransformCoords.time_tof_to_energy": {"result": [0.31073915499996474], "stats": [{"ci_99": [0.30477024671753933, 0.3176359752823989], "q_25": 0.3096886964999328, "q_75": 0.31225356950000105, "min": 0.3084196920000295, "max": 0.31491444199991747, "mean": 0.3112031109999691, "std": 0.0023842878409570064, "repeat": 4, "number": 1}]}, "transform_coords.TransformCoords.time_tof_to_wavelength": {"result": [0.001616530399996918], "stats": [{"ci_99": [0.0015784360177594947, 0.0016580454822455895], "q_25": 0.0016081705500027963, "q_75": 0.0016266005999966636, "min": 0.0016007910000098492, "max": 0.0016391112000064822, "mean": 0.001618240750002542, "std": 1.427883094282128e-05, "repeat": 4, "number": 5}]}, "transform_coords.TransformCoords.time_wavelength_to_tof": {"result": [0.03697473949995356], "stats": [{"ci_99": [0.035292427717226, 0.0381618007827715], "q_25": 0.03656663624994394, "q_75": 0.037135217500008366, "min": 0.03577674300004219, "max": 0.037182235000045694, "mean": 0.03672711424999875, "std": 0.0005645604937432948, "repeat": 4, "number": 1}]}}, "params": {"cpu": "2 Core CPU", "machine": "cloud-container", "os": "Ubuntu latest", "ram": "7GB", "python": "3.9", "appdirs": "", "cmake": "", "conan": "", "ess-dmsc::ess-streaming-data-types": "", "h5py": "", "ipykernel": "6.3.1", "ipympl": "", "ipywidgets": "", "mantid-framework": "", "matplotlib-base": "", "ninja": "", "numpy": "", "pip": "", "pooch": "", "python-configuration": "", "python-confluent-kafka": "", "pythreejs": "", "pyyaml": "", "scipp::scipp": "", "scipy": "", "tbb": ""}, "requirements": {"appdirs": "", "cmake": "", "conan": "", "ess-dmsc::ess-streaming-data-types": "", "h5py": "", "ipykernel": "6.3.1", "ipympl": "", "ipywidgets": "", "mantid-framework": "", "matplotlib-base": "", "ninja": "", "numpy": "", "pip": "", "pooch": "", "python-configuration": "", "python-confluent-kafka": "", "pythreejs": "", "pyyaml": "", "scipp::scipp": "", "scipy": "", "tbb": ""}, "commit_hash": "103b066ca64cd3ab983453ca8a44a3a9463a1aa5", "date": 1634830958000, "env_name": "conda-py3.9-appdirs-cmake-conan-ess-dmsc__ess-streaming-data-types-h5py-ipykernel6.3.1-ipympl-ipywidgets-mantid-framework-matplotlib-base-ninja-numpy-pip-pooch-python-configuration-python-confluent-kafka-pythreejs-pyyaml-scipp__scipp-scipy-tbb", "python": "3.9", "profiles": {}, "started_at": {"load_nexus.LoadNexus.time_load_event_nexus": 1634837296267, "transform_coords.TransformCoords.time_energy_to_tof": 1634837308413, "transform_coords.TransformCoords.time_tof_to_dspacing": 1634837326219, "transform_coords.TransformCoords.time_tof_to_energy": 1634837344178, "transform_coords.TransformCoords.time_tof_to_wavelength": 1634837362897, "transform_coords.TransformCoords.time_wavelength_to_tof": 1634837380862}, "ended_at": {"load_nexus.LoadNexus.time_load_event_nexus": 1634837308413, "transform_coords.TransformCoords.time_energy_to_tof": 1634837326219, "transform_coords.TransformCoords.time_tof_to_dspacing": 1634837344178, "transform_coords.TransformCoords.time_tof_to_energy": 1634837362896, "transform_coords.TransformCoords.time_tof_to_wavelength": 1634837380862, "transform_coords.TransformCoords.time_wavelength_to_tof": 1634837398820}, "benchmark_version": {"load_nexus.LoadNexus.time_load_event_nexus": "9bb61e37c240f4221eff71f827efb0f1cfb5371f7c6b0e72f79b9ca92578e5e9", "transform_coords.TransformCoords.time_energy_to_tof": "f1ea8beffb41e75997f96056160ef6dd12d9afb53546d00f7e0cb2b307a616bb", "transform_coords.TransformCoords.time_tof_to_dspacing": "76d3e8bdf45621127e026f90298e8f292d01ddb57cb7caf05a5ce555a659d8ac", "transform_coords.TransformCoords.time_tof_to_energy": "32774381c7e0285d159959187b4537339285cc2573292bc6b39f5edd04d4bc0b", "transform_coords.TransformCoords.time_tof_to_wavelength": "46879c3a68b31604accd5a00f4187eb567d166242d70d944aa010a5d6f8de380", "transform_coords.TransformCoords.time_wavelength_to_tof": "d4710ab73daad9eb187b2c50c320802720ae09b880a656f3ac5284d75fea178b"}, "version": 1}