{"results": {"load_nexus.LoadNexus.time_load_event_nexus": {"result": [4.654463595999999], "stats": [{"ci_99": [4.505849922282784, 4.789445310717206], "q_25": 4.622128491249995, "q_75": 4.679982721249999, "min": 4.569527871999981, "max": 4.712135402000001, "mean": 4.647647616499995, "std": 0.05194337485529244, "repeat": 4, "number": 1}]}, "transform_coords.TransformCoords.time_energy_to_tof": {"result": [0.001325092666661476], "stats": [{"ci_99": [0.001302876212380635, 0.001384701833330837], "q_25": 0.0013195552916656084, "q_75": 0.0013322426666633191, "min": 0.001314417499997944, "max": 0.001384701833330837, "mean": 0.001333606694441553, "std": 2.3696501365423873e-05, "repeat": 6, "number": 6}]}, "transform_coords.TransformCoords.time_tof_to_dspacing": {"result": [0.03397260500000243], "stats": [{"ci_99": [0.03354820618287377, 0.034305767483779406], "q_25": 0.03371370124996531, "q_75": 0.03410438150000061, "min": 0.03362814900003741, "max": 0.03421285499996429, "mean": 0.03392698683332659, "std": 0.000223742525375493, "repeat": 6, "number": 1}]}, "transform_coords.TransformCoords.time_tof_to_energy": {"result": [0.2548959964999824], "stats": [{"ci_99": [0.25425607941148176, 0.25590255125515593], "q_25": 0.25477184274994613, "q_75": 0.2555107327499968, "min": 0.25442539600004466, "max": 0.25581239999996797, "mean": 0.25507931533331885, "std": 0.0005085861946413756, "repeat": 6, "number": 1}]}, "transform_coords.TransformCoords.time_tof_to_wavelength": {"result": [0.001327609083328222], "stats": [{"ci_99": [0.0013093005000068085, 0.00134197144778114], "q_25": 0.001320259041660184, "q_75": 0.0013341467499969895, "min": 0.0013093005000068085, "max": 0.001337567833331832, "mean": 0.001326036916664306, "std": 9.80002186528067e-06, "repeat": 6, "number": 6}]}, "transform_coords.TransformCoords.time_wavelength_to_tof": {"result": [0.03183527599998115], "stats": [{"ci_99": [0.03151236214138777, 0.03208305352524282], "q_25": 0.03168259874996693, "q_75": 0.03187545250003154, "min": 0.031516217999978835, "max": 0.03207892599994011, "mean": 0.03179770783331529, "std": 0.00017967550375668753, "repeat": 6, "number": 1}]}}, "params": {"cpu": "2 Core CPU", "machine": "cloud-container", "os": "Ubuntu latest", "ram": "7GB", "python": "3.9", "appdirs": "", "cmake": "", "conan": "", "ess-dmsc::ess-streaming-data-types": "", "h5py": "", "ipykernel": "6.3.1", "ipympl": "", "ipywidgets": "", "mantid-framework": "", "matplotlib-base": "", "ninja": "", "numpy": "", "pip": "", "pooch": "", "python-configuration": "", "python-confluent-kafka": "", "pythreejs": "", "pyyaml": "", "scipp::scipp": "", "scipy": "", "tbb": ""}, "requirements": {"appdirs": "", "cmake": "", "conan": "", "ess-dmsc::ess-streaming-data-types": "", "h5py": "", "ipykernel": "6.3.1", "ipympl": "", "ipywidgets": "", "mantid-framework": "", "matplotlib-base": "", "ninja": "", "numpy": "", "pip": "", "pooch": "", "python-configuration": "", "python-confluent-kafka": "", "pythreejs": "", "pyyaml": "", "scipp::scipp": "", "scipy": "", "tbb": ""}, "commit_hash": "103b066ca64cd3ab983453ca8a44a3a9463a1aa5", "date": 1634830958000, "env_name": "conda-py3.9-appdirs-cmake-conan-ess-dmsc__ess-streaming-data-types-h5py-ipykernel6.3.1-ipympl-ipywidgets-mantid-framework-matplotlib-base-ninja-numpy-pip-pooch-python-configuration-python-confluent-kafka-pythreejs-pyyaml-scipp__scipp-scipy-tbb", "python": "3.9", "profiles": {}, "started_at": {"load_nexus.LoadNexus.time_load_event_nexus": 1634872853417, "transform_coords.TransformCoords.time_energy_to_tof": 1634872868064, "transform_coords.TransformCoords.time_tof_to_dspacing": 1634872886781, "transform_coords.TransformCoords.time_tof_to_energy": 1634872905635, "transform_coords.TransformCoords.time_tof_to_wavelength": 1634872925248, "transform_coords.TransformCoords.time_wavelength_to_tof": 1634872944002}, "ended_at": {"load_nexus.LoadNexus.time_load_event_nexus": 1634872868064, "transform_coords.TransformCoords.time_energy_to_tof": 1634872886781, "transform_coords.TransformCoords.time_tof_to_dspacing": 1634872905634, "transform_coords.TransformCoords.time_tof_to_energy": 1634872925248, "transform_coords.TransformCoords.time_tof_to_wavelength": 1634872944001, "transform_coords.TransformCoords.time_wavelength_to_tof": 1634872962808}, "benchmark_version": {"load_nexus.LoadNexus.time_load_event_nexus": "9bb61e37c240f4221eff71f827efb0f1cfb5371f7c6b0e72f79b9ca92578e5e9", "transform_coords.TransformCoords.time_energy_to_tof": "f1ea8beffb41e75997f96056160ef6dd12d9afb53546d00f7e0cb2b307a616bb", "transform_coords.TransformCoords.time_tof_to_dspacing": "76d3e8bdf45621127e026f90298e8f292d01ddb57cb7caf05a5ce555a659d8ac", "transform_coords.TransformCoords.time_tof_to_energy": "32774381c7e0285d159959187b4537339285cc2573292bc6b39f5edd04d4bc0b", "transform_coords.TransformCoords.time_tof_to_wavelength": "46879c3a68b31604accd5a00f4187eb567d166242d70d944aa010a5d6f8de380", "transform_coords.TransformCoords.time_wavelength_to_tof": "d4710ab73daad9eb187b2c50c320802720ae09b880a656f3ac5284d75fea178b"}, "version": 1}