{"results": {"load_nexus.LoadNexus.time_load_event_nexus": {"result": [5.004078993500002], "stats": [{"ci_99": [4.4946947185, 5.513463268500004], "q_25": 4.998985150750002, "q_75": 5.009172836250002, "min": 4.993891308000002, "max": 5.014266679000002, "mean": 5.004078993500002, "std": 0.010187685500000043, "repeat": 2, "number": 1}]}, "transform_coords.TransformCoords.time_energy_to_tof": {"result": [0.0013813664166661965], "stats": [{"ci_99": [0.0013374517107800632, 0.0014693258333314436], "q_25": 0.0013746699999993932, "q_75": 0.0014113053333322985, "min": 0.0013503910000167707, "max": 0.0014693258333314436, "mean": 0.001396028750002011, "std": 3.86574735731722e-05, "repeat": 6, "number": 6}]}, "transform_coords.TransformCoords.time_tof_to_dspacing": {"result": [0.038575118499977634], "stats": [{"ci_99": [0.038218623645687705, 0.03883326468761342], "q_25": 0.03836759475001372, "q_75": 0.038645284249980705, "min": 0.038256859999989956, "max": 0.03878147499995066, "mean": 0.03852594416665056, "std": 0.0001880091894536094, "repeat": 6, "number": 1}]}, "transform_coords.TransformCoords.time_tof_to_energy": {"result": [0.2626554965000025], "stats": [{"ci_99": [0.2611741361715886, 0.2654425150000179], "q_25": 0.2621252850000104, "q_75": 0.26288426124997955, "min": 0.26160689799996817, "max": 0.2654425150000179, "mean": 0.262878244999996, "std": 0.001234005536855933, "repeat": 6, "number": 1}]}, "transform_coords.TransformCoords.time_tof_to_wavelength": {"result": [0.001383635083328727], "stats": [{"ci_99": [0.0013484676539543539, 0.0014124700682652453], "q_25": 0.0013667766250004358, "q_75": 0.0013926420416699632, "min": 0.001349908333319642, "max": 0.0014088331666736547, "mean": 0.0013804688611097997, "std": 1.959150878898409e-05, "repeat": 6, "number": 6}]}, "transform_coords.TransformCoords.time_wavelength_to_tof": {"result": [0.03589667350001946], "stats": [{"ci_99": [0.03540093958320997, 0.03645396908346505], "q_25": 0.03565818075000493, "q_75": 0.036134266999994225, "min": 0.03553272099998139, "max": 0.03644651000001886, "mean": 0.035927454333337515, "std": 0.00032012433117511617, "repeat": 6, "number": 1}]}}, "params": {"cpu": "2 Core CPU", "machine": "cloud-container", "os": "Ubuntu latest", "ram": "7GB", "python": "3.9", "appdirs": "", "cmake": "", "conan": "", "ess-dmsc::ess-streaming-data-types": "", "h5py": "", "ipykernel": "6.3.1", "ipympl": "", "ipywidgets": "", "mantid-framework": "", "matplotlib-base": "", "ninja": "", "numpy": "", "pip": "", "pooch": "", "python-configuration": "", "python-confluent-kafka": "", "pythreejs": "", "pyyaml": "", "scipp::scipp": "", "scipy": "", "tbb": ""}, "requirements": {"appdirs": "", "cmake": "", "conan": "", "ess-dmsc::ess-streaming-data-types": "", "h5py": "", "ipykernel": "6.3.1", "ipympl": "", "ipywidgets": "", "mantid-framework": "", "matplotlib-base": "", "ninja": "", "numpy": "", "pip": "", "pooch": "", "python-configuration": "", "python-confluent-kafka": "", "pythreejs": "", "pyyaml": "", "scipp::scipp": "", "scipy": "", "tbb": ""}, "commit_hash": "103b066ca64cd3ab983453ca8a44a3a9463a1aa5", "date": 1634830958000, "env_name": "conda-py3.9-appdirs-cmake-conan-ess-dmsc__ess-streaming-data-types-h5py-ipykernel6.3.1-ipympl-ipywidgets-mantid-framework-matplotlib-base-ninja-numpy-pip-pooch-python-configuration-python-confluent-kafka-pythreejs-pyyaml-scipp__scipp-scipy-tbb", "python": "3.9", "profiles": {}, "started_at": {"load_nexus.LoadNexus.time_load_event_nexus": 1634854805615, "transform_coords.TransformCoords.time_energy_to_tof": 1634854816156, "transform_coords.TransformCoords.time_tof_to_dspacing": 1634854835618, "transform_coords.TransformCoords.time_tof_to_energy": 1634854855181, "transform_coords.TransformCoords.time_tof_to_wavelength": 1634854875547, "transform_coords.TransformCoords.time_wavelength_to_tof": 1634854895012}, "ended_at": {"load_nexus.LoadNexus.time_load_event_nexus": 1634854816155, "transform_coords.TransformCoords.time_energy_to_tof": 1634854835618, "transform_coords.TransformCoords.time_tof_to_dspacing": 1634854855180, "transform_coords.TransformCoords.time_tof_to_energy": 1634854875547, "transform_coords.TransformCoords.time_tof_to_wavelength": 1634854895011, "transform_coords.TransformCoords.time_wavelength_to_tof": 1634854914526}, "benchmark_version": {"load_nexus.LoadNexus.time_load_event_nexus": "9bb61e37c240f4221eff71f827efb0f1cfb5371f7c6b0e72f79b9ca92578e5e9", "transform_coords.TransformCoords.time_energy_to_tof": "f1ea8beffb41e75997f96056160ef6dd12d9afb53546d00f7e0cb2b307a616bb", "transform_coords.TransformCoords.time_tof_to_dspacing": "76d3e8bdf45621127e026f90298e8f292d01ddb57cb7caf05a5ce555a659d8ac", "transform_coords.TransformCoords.time_tof_to_energy": "32774381c7e0285d159959187b4537339285cc2573292bc6b39f5edd04d4bc0b", "transform_coords.TransformCoords.time_tof_to_wavelength": "46879c3a68b31604accd5a00f4187eb567d166242d70d944aa010a5d6f8de380", "transform_coords.TransformCoords.time_wavelength_to_tof": "d4710ab73daad9eb187b2c50c320802720ae09b880a656f3ac5284d75fea178b"}, "version": 1}