{"results": {"load_nexus.LoadNexus.time_load_event_nexus": {"result": [4.601275669000017], "stats": [{"ci_99": [4.502788999239776, 4.702319663760229], "q_25": 4.578279061999979, "q_75": 4.625550938500041, "min": 4.556197531999942, "max": 4.651468456000032, "mean": 4.602554331500002, "std": 0.03547460165336392, "repeat": 4, "number": 1}]}, "transform_coords.TransformCoords.time_energy_to_tof": {"result": [0.0013235608333322564], "stats": [{"ci_99": [0.0013042824402608416, 0.0013499671152866527], "q_25": 0.001317175958324886, "q_75": 0.0013371359583350302, "min": 0.0013093340000030669, "max": 0.0013495843333165187, "mean": 0.001327124777773747, "std": 1.3993041770055195e-05, "repeat": 6, "number": 6}]}, "transform_coords.TransformCoords.time_tof_to_dspacing": {"result": [0.03337081300000477], "stats": [{"ci_99": [0.03325544272248116, 0.03355752499999198], "q_25": 0.03333968900007278, "q_75": 0.03343414050000604, "min": 0.03328099600003043, "max": 0.03355752499999198, "mean": 0.03339411850002231, "std": 8.94502263791905e-05, "repeat": 6, "number": 1}]}, "transform_coords.TransformCoords.time_tof_to_energy": {"result": [0.25405213900000945], "stats": [{"ci_99": [0.2535242459081609, 0.25582370699999046], "q_25": 0.25396081174997676, "q_75": 0.25423323750001714, "min": 0.25390252300002203, "max": 0.25582370699999046, "mean": 0.2543424135000028, "std": 0.0006737462188935066, "repeat": 6, "number": 1}]}, "transform_coords.TransformCoords.time_tof_to_wavelength": {"result": [0.0013295010833331844], "stats": [{"ci_99": [0.0013108366528204434, 0.0013463545138480597], "q_25": 0.0013195090000005887, "q_75": 0.0013361681666713328, "min": 0.001314085166664351, "max": 0.0013439173333343508, "mean": 0.0013285955833342517, "std": 1.0586703217691731e-05, "repeat": 6, "number": 6}]}, "transform_coords.TransformCoords.time_wavelength_to_tof": {"result": [0.031317103999981555], "stats": [{"ci_99": [0.030149527034488036, 0.03580852400000367], "q_25": 0.031210254999962217, "q_75": 0.03164973074999011, "min": 0.03111889899992093, "max": 0.03580852400000367, "mean": 0.032082812666639406, "std": 0.0016780027161377015, "repeat": 6, "number": 1}]}}, "params": {"cpu": "2 Core CPU", "machine": "cloud-container", "os": "Ubuntu latest", "ram": "7GB", "python": "3.9", "appdirs": "", "cmake": "", "conan": "", "ess-dmsc::ess-streaming-data-types": "", "h5py": "", "ipykernel": "6.3.1", "ipympl": "", "ipywidgets": "", "mantid-framework": "", "matplotlib-base": "", "ninja": "", "numpy": "", "pip": "", "pooch": "", "python-configuration": "", "python-confluent-kafka": "", "pythreejs": "", "pyyaml": "", "scipp::scipp": "", "scipy": "", "tbb": ""}, "requirements": {"appdirs": "", "cmake": "", "conan": "", "ess-dmsc::ess-streaming-data-types": "", "h5py": "", "ipykernel": "6.3.1", "ipympl": "", "ipywidgets": "", "mantid-framework": "", "matplotlib-base": "", "ninja": "", "numpy": "", "pip": "", "pooch": "", "python-configuration": "", "python-confluent-kafka": "", "pythreejs": "", "pyyaml": "", "scipp::scipp": "", "scipy": "", "tbb": ""}, "commit_hash": "103b066ca64cd3ab983453ca8a44a3a9463a1aa5", "date": 1634830958000, "env_name": "conda-py3.9-appdirs-cmake-conan-ess-dmsc__ess-streaming-data-types-h5py-ipykernel6.3.1-ipympl-ipywidgets-mantid-framework-matplotlib-base-ninja-numpy-pip-pooch-python-configuration-python-confluent-kafka-pythreejs-pyyaml-scipp__scipp-scipy-tbb", "python": "3.9", "profiles": {}, "started_at": {"load_nexus.LoadNexus.time_load_event_nexus": 1634843830536, "transform_coords.TransformCoords.time_energy_to_tof": 1634843845030, "transform_coords.TransformCoords.time_tof_to_dspacing": 1634843863628, "transform_coords.TransformCoords.time_tof_to_energy": 1634843882176, "transform_coords.TransformCoords.time_tof_to_wavelength": 1634843901581, "transform_coords.TransformCoords.time_wavelength_to_tof": 1634843920077}, "ended_at": {"load_nexus.LoadNexus.time_load_event_nexus": 1634843845029, "transform_coords.TransformCoords.time_energy_to_tof": 1634843863628, "transform_coords.TransformCoords.time_tof_to_dspacing": 1634843882176, "transform_coords.TransformCoords.time_tof_to_energy": 1634843901580, "transform_coords.TransformCoords.time_tof_to_wavelength": 1634843920077, "transform_coords.TransformCoords.time_wavelength_to_tof": 1634843938726}, "benchmark_version": {"load_nexus.LoadNexus.time_load_event_nexus": "9bb61e37c240f4221eff71f827efb0f1cfb5371f7c6b0e72f79b9ca92578e5e9", "transform_coords.TransformCoords.time_energy_to_tof": "f1ea8beffb41e75997f96056160ef6dd12d9afb53546d00f7e0cb2b307a616bb", "transform_coords.TransformCoords.time_tof_to_dspacing": "76d3e8bdf45621127e026f90298e8f292d01ddb57cb7caf05a5ce555a659d8ac", "transform_coords.TransformCoords.time_tof_to_energy": "32774381c7e0285d159959187b4537339285cc2573292bc6b39f5edd04d4bc0b", "transform_coords.TransformCoords.time_tof_to_wavelength": "46879c3a68b31604accd5a00f4187eb567d166242d70d944aa010a5d6f8de380", "transform_coords.TransformCoords.time_wavelength_to_tof": "d4710ab73daad9eb187b2c50c320802720ae09b880a656f3ac5284d75fea178b"}, "version": 1}