{"results": {"load_nexus.LoadNexus.time_load_event_nexus": {"result": [4.365108682500022], "stats": [{"ci_99": [4.0714549628894865, 4.740145534110544], "q_25": 4.307387122250006, "q_75": 4.463521808750031, "min": 4.289223455000013, "max": 4.603760174000001, "mean": 4.4058002485000145, "std": 0.12392421744939097, "repeat": 4, "number": 1}]}, "transform_coords.TransformCoords.time_energy_to_tof": {"result": [0.0013929500833285147], "stats": [{"ci_99": [0.001232349468670831, 0.0016326986666589012], "q_25": 0.0013221530000085597, "q_75": 0.0014253767916609188, "min": 0.0012742879999999939, "max": 0.0016326986666589012, "mean": 0.0014046044166649257, "std": 0.00011626910324364567, "repeat": 6, "number": 6}]}, "transform_coords.TransformCoords.time_tof_to_dspacing": {"result": [0.0391555804999939], "stats": [{"ci_99": [0.03686525200004098, 0.041029757188901006], "q_25": 0.03816788725005438, "q_75": 0.03959034599996869, "min": 0.03686525200004098, "max": 0.04098443399993812, "mean": 0.03895579516666695, "std": 0.001306753923443357, "repeat": 6, "number": 1}]}, "transform_coords.TransformCoords.time_tof_to_energy": {"result": [0.2539504554999894], "stats": [{"ci_99": [0.24547211368085597, 0.2716216669999767], "q_25": 0.2525463657499927, "q_75": 0.259414367249974, "min": 0.24820560299997396, "max": 0.2716216669999767, "mean": 0.25684036466664867, "std": 0.00763209200071108, "repeat": 6, "number": 1}]}, "transform_coords.TransformCoords.time_tof_to_wavelength": {"result": [0.0013509849166647805], "stats": [{"ci_99": [0.0011670895274027543, 0.001813064666672896], "q_25": 0.0012953378750045392, "q_75": 0.0013704049583296296, "min": 0.001252674500004029, "max": 0.001813064666672896, "mean": 0.0014035626944459206, "std": 0.00018810812006016017, "repeat": 6, "number": 6}]}, "transform_coords.TransformCoords.time_wavelength_to_tof": {"result": [0.03566337099999828], "stats": [{"ci_99": [0.03503747384747485, 0.03660707915252387], "q_25": 0.03543275774995891, "q_75": 0.03618137600003024, "min": 0.03531991299996662, "max": 0.03657707300004631, "mean": 0.03582227649999936, "std": 0.0004708847935511379, "repeat": 6, "number": 1}]}}, "params": {"cpu": "2 Core CPU", "machine": "cloud-container", "os": "Ubuntu latest", "ram": "7GB", "python": "3.9", "appdirs": "", "cmake": "", "conan": "", "ess-dmsc::ess-streaming-data-types": "", "h5py": "", "ipykernel": "6.3.1", "ipympl": "", "ipywidgets": "", "mantid-framework": "", "matplotlib-base": "", "ninja": "", "numpy": "", "pip": "", "pooch": "", "python-configuration": "", "python-confluent-kafka": "", "pythreejs": "", "pyyaml": "", "scipp::scipp": "", "scipy": "", "tbb": ""}, "requirements": {"appdirs": "", "cmake": "", "conan": "", "ess-dmsc::ess-streaming-data-types": "", "h5py": "", "ipykernel": "6.3.1", "ipympl": "", "ipywidgets": "", "mantid-framework": "", "matplotlib-base": "", "ninja": "", "numpy": "", "pip": "", "pooch": "", "python-configuration": "", "python-confluent-kafka": "", "pythreejs": "", "pyyaml": "", "scipp::scipp": "", "scipy": "", "tbb": ""}, "commit_hash": "103b066ca64cd3ab983453ca8a44a3a9463a1aa5", "date": 1634830958000, "env_name": "conda-py3.9-appdirs-cmake-conan-ess-dmsc__ess-streaming-data-types-h5py-ipykernel6.3.1-ipympl-ipywidgets-mantid-framework-matplotlib-base-ninja-numpy-pip-pooch-python-configuration-python-confluent-kafka-pythreejs-pyyaml-scipp__scipp-scipy-tbb", "python": "3.9", "profiles": {}, "started_at": {"load_nexus.LoadNexus.time_load_event_nexus": 1634840493099, "transform_coords.TransformCoords.time_energy_to_tof": 1634840506890, "transform_coords.TransformCoords.time_tof_to_dspacing": 1634840525493, "transform_coords.TransformCoords.time_tof_to_energy": 1634840544251, "transform_coords.TransformCoords.time_tof_to_wavelength": 1634840564003, "transform_coords.TransformCoords.time_wavelength_to_tof": 1634840582555}, "ended_at": {"load_nexus.LoadNexus.time_load_event_nexus": 1634840506890, "transform_coords.TransformCoords.time_energy_to_tof": 1634840525492, "transform_coords.TransformCoords.time_tof_to_dspacing": 1634840544251, "transform_coords.TransformCoords.time_tof_to_energy": 1634840564003, "transform_coords.TransformCoords.time_tof_to_wavelength": 1634840582555, "transform_coords.TransformCoords.time_wavelength_to_tof": 1634840601207}, "benchmark_version": {"load_nexus.LoadNexus.time_load_event_nexus": "9bb61e37c240f4221eff71f827efb0f1cfb5371f7c6b0e72f79b9ca92578e5e9", "transform_coords.TransformCoords.time_energy_to_tof": "f1ea8beffb41e75997f96056160ef6dd12d9afb53546d00f7e0cb2b307a616bb", "transform_coords.TransformCoords.time_tof_to_dspacing": "76d3e8bdf45621127e026f90298e8f292d01ddb57cb7caf05a5ce555a659d8ac", "transform_coords.TransformCoords.time_tof_to_energy": "32774381c7e0285d159959187b4537339285cc2573292bc6b39f5edd04d4bc0b", "transform_coords.TransformCoords.time_tof_to_wavelength": "46879c3a68b31604accd5a00f4187eb567d166242d70d944aa010a5d6f8de380", "transform_coords.TransformCoords.time_wavelength_to_tof": "d4710ab73daad9eb187b2c50c320802720ae09b880a656f3ac5284d75fea178b"}, "version": 1}