{"results": {"load_nexus.LoadNexus.time_load_event_nexus": {"result": [5.368073948999978], "stats": [{"ci_99": [-4.017691900999949, 14.753839798999897], "q_25": 5.274216290499979, "q_75": 5.461931607499977, "min": 5.1803586319999795, "max": 5.555789265999977, "mean": 5.368073948999978, "std": 0.18771531699999855, "repeat": 2, "number": 1}]}, "transform_coords.TransformCoords.time_energy_to_tof": {"result": [0.0016730606000066929], "stats": [{"ci_99": [0.0015364707653622682, 0.0018833709346461512], "q_25": 0.00166412560000424, "q_75": 0.001718855850006662, "min": 0.001659610599995176, "max": 0.0018339516000082767, "mean": 0.0017099208500042094, "std": 7.20113082478801e-05, "repeat": 4, "number": 5}]}, "transform_coords.TransformCoords.time_tof_to_dspacing": {"result": [0.03972930200001201], "stats": [{"ci_99": [0.03549901441954094, 0.042907082580429114], "q_25": 0.03876939574999483, "q_75": 0.0401629547500022, "min": 0.03680753300000106, "max": 0.04054605699991498, "mean": 0.039203048499985016, "std": 0.0014390331030556963, "repeat": 4, "number": 1}]}, "transform_coords.TransformCoords.time_tof_to_energy": {"result": [0.3373234390000448], "stats": [{"ci_99": [0.2983146061504596, 0.3796415428496076], "q_25": 0.32638031900000897, "q_75": 0.34992119450006953, "min": 0.32356225399996674, "max": 0.35770316600007845, "mean": 0.3389780745000337, "std": 0.01408814074853652, "repeat": 4, "number": 1}]}, "transform_coords.TransformCoords.time_tof_to_wavelength": {"result": [0.0018567917000041235], "stats": [{"ci_99": [0.0013054286461155018, 0.002404674753894713], "q_25": 0.001686605650002093, "q_75": 0.0020252377500071363, "min": 0.0016348701999959303, "max": 0.0020717532000162466, "mean": 0.0018550517000051059, "std": 0.00018856519167052515, "repeat": 4, "number": 5}]}, "transform_coords.TransformCoords.time_wavelength_to_tof": {"result": [0.036488781000002746], "stats": [{"ci_99": [0.03423445170435595, 0.03847325829561872], "q_25": 0.035901976749954656, "q_75": 0.036940659250035424, "min": 0.03522832299995571, "max": 0.037209534999988136, "mean": 0.036353854999987334, "std": 0.0007579371788850767, "repeat": 4, "number": 1}]}}, "params": {"cpu": "2 Core CPU", "machine": "cloud-container", "os": "Ubuntu latest", "ram": "7GB", "python": "3.9", "appdirs": "", "cmake": "", "conan": "", "ess-dmsc::ess-streaming-data-types": "", "h5py": "", "ipykernel": "6.3.1", "ipympl": "", "ipywidgets": "", "mantid-framework": "", "matplotlib-base": "", "ninja": "", "numpy": "", "pip": "", "pooch": "", "python-configuration": "", "python-confluent-kafka": "", "pythreejs": "", "pyyaml": "", "scipp::scipp": "", "scipy": "", "tbb": ""}, "requirements": {"appdirs": "", "cmake": "", "conan": "", "ess-dmsc::ess-streaming-data-types": "", "h5py": "", "ipykernel": "6.3.1", "ipympl": "", "ipywidgets": "", "mantid-framework": "", "matplotlib-base": "", "ninja": "", "numpy": "", "pip": "", "pooch": "", "python-configuration": "", "python-confluent-kafka": "", "pythreejs": "", "pyyaml": "", "scipp::scipp": "", "scipy": "", "tbb": ""}, "commit_hash": "103b066ca64cd3ab983453ca8a44a3a9463a1aa5", "date": 1634830958000, "env_name": "conda-py3.9-appdirs-cmake-conan-ess-dmsc__ess-streaming-data-types-h5py-ipykernel6.3.1-ipympl-ipywidgets-mantid-framework-matplotlib-base-ninja-numpy-pip-pooch-python-configuration-python-confluent-kafka-pythreejs-pyyaml-scipp__scipp-scipy-tbb", "python": "3.9", "profiles": {}, "started_at": {"load_nexus.LoadNexus.time_load_event_nexus": 1634868964393, "transform_coords.TransformCoords.time_energy_to_tof": 1634868975426, "transform_coords.TransformCoords.time_tof_to_dspacing": 1634868993678, "transform_coords.TransformCoords.time_tof_to_energy": 1634869011776, "transform_coords.TransformCoords.time_tof_to_wavelength": 1634869030821, "transform_coords.TransformCoords.time_wavelength_to_tof": 1634869048827}, "ended_at": {"load_nexus.LoadNexus.time_load_event_nexus": 1634868975426, "transform_coords.TransformCoords.time_energy_to_tof": 1634868993677, "transform_coords.TransformCoords.time_tof_to_dspacing": 1634869011776, "transform_coords.TransformCoords.time_tof_to_energy": 1634869030820, "transform_coords.TransformCoords.time_tof_to_wavelength": 1634869048827, "transform_coords.TransformCoords.time_wavelength_to_tof": 1634869067075}, "benchmark_version": {"load_nexus.LoadNexus.time_load_event_nexus": "9bb61e37c240f4221eff71f827efb0f1cfb5371f7c6b0e72f79b9ca92578e5e9", "transform_coords.TransformCoords.time_energy_to_tof": "f1ea8beffb41e75997f96056160ef6dd12d9afb53546d00f7e0cb2b307a616bb", "transform_coords.TransformCoords.time_tof_to_dspacing": "76d3e8bdf45621127e026f90298e8f292d01ddb57cb7caf05a5ce555a659d8ac", "transform_coords.TransformCoords.time_tof_to_energy": "32774381c7e0285d159959187b4537339285cc2573292bc6b39f5edd04d4bc0b", "transform_coords.TransformCoords.time_tof_to_wavelength": "46879c3a68b31604accd5a00f4187eb567d166242d70d944aa010a5d6f8de380", "transform_coords.TransformCoords.time_wavelength_to_tof": "d4710ab73daad9eb187b2c50c320802720ae09b880a656f3ac5284d75fea178b"}, "version": 1}