{"results": {"load_nexus.LoadNexus.time_load_event_nexus": {"result": [4.707746717500015], "stats": [{"ci_99": [4.562840037784619, 4.863945645715394], "q_25": 4.683659582249987, "q_75": 4.737479977000035, "min": 4.640989700999967, "max": 4.797088231000032, "mean": 4.713392841750007, "std": 0.05591395431498094, "repeat": 4, "number": 1}]}, "transform_coords.TransformCoords.time_energy_to_tof": {"result": [0.0013634268333314974], "stats": [{"ci_99": [0.0013302772209210021, 0.001400151166649266], "q_25": 0.0013459800000058901, "q_75": 0.001377997041660232, "min": 0.0013405348333321854, "max": 0.001400151166649266, "mean": 0.0013650929722186019, "std": 2.1273999267447608e-05, "repeat": 6, "number": 6}]}, "transform_coords.TransformCoords.time_tof_to_dspacing": {"result": [0.0361627664999844], "stats": [{"ci_99": [0.03578408600003513, 0.03640706086942286], "q_25": 0.036033402499938916, "q_75": 0.03626846274998741, "min": 0.03578408600003513, "max": 0.03630176400002938, "mean": 0.03611755983332424, "std": 0.000181241722713816, "repeat": 6, "number": 1}]}, "transform_coords.TransformCoords.time_tof_to_energy": {"result": [0.25848308349998206], "stats": [{"ci_99": [0.25793037310531347, 0.25895603889468694], "q_25": 0.2582464384999952, "q_75": 0.25872311025001693, "min": 0.25793667400000686, "max": 0.25878571900000225, "mean": 0.2584432060000002, "std": 0.00030712193617607854, "repeat": 6, "number": 1}]}, "transform_coords.TransformCoords.time_tof_to_wavelength": {"result": [0.0013588266666602067], "stats": [{"ci_99": [0.0013435880178525711, 0.0013699296488059705], "q_25": 0.0013512933333288402, "q_75": 0.0013601093749997517, "min": 0.0013438148333383044, "max": 0.0013697656666522562, "mean": 0.0013567588333292708, "std": 8.336193011971228e-06, "repeat": 6, "number": 6}]}, "transform_coords.TransformCoords.time_wavelength_to_tof": {"result": [0.034030962499969064], "stats": [{"ci_99": [0.03310205130854907, 0.036556985000061104], "q_25": 0.03373559374998081, "q_75": 0.03407366599995498, "min": 0.0336283540000295, "max": 0.036556985000061104, "mean": 0.03432871699999396, "std": 0.0010135002804698172, "repeat": 6, "number": 1}]}}, "params": {"cpu": "2 Core CPU", "machine": "cloud-container", "os": "Ubuntu latest", "ram": "7GB", "python": "3.9", "appdirs": "", "cmake": "", "conan": "", "ess-dmsc::ess-streaming-data-types": "", "h5py": "", "ipykernel": "6.3.1", "ipympl": "", "ipywidgets": "", "mantid-framework": "", "matplotlib-base": "", "ninja": "", "numpy": "", "pip": "", "pooch": "", "python-configuration": "", "python-confluent-kafka": "", "pythreejs": "", "pyyaml": "", "scipp::scipp": "", "scipy": "", "tbb": ""}, "requirements": {"appdirs": "", "cmake": "", "conan": "", "ess-dmsc::ess-streaming-data-types": "", "h5py": "", "ipykernel": "6.3.1", "ipympl": "", "ipywidgets": "", "mantid-framework": "", "matplotlib-base": "", "ninja": "", "numpy": "", "pip": "", "pooch": "", "python-configuration": "", "python-confluent-kafka": "", "pythreejs": "", "pyyaml": "", "scipp::scipp": "", "scipy": "", "tbb": ""}, "commit_hash": "103b066ca64cd3ab983453ca8a44a3a9463a1aa5", "date": 1634830958000, "env_name": "conda-py3.9-appdirs-cmake-conan-ess-dmsc__ess-streaming-data-types-h5py-ipykernel6.3.1-ipympl-ipywidgets-mantid-framework-matplotlib-base-ninja-numpy-pip-pooch-python-configuration-python-confluent-kafka-pythreejs-pyyaml-scipp__scipp-scipy-tbb", "python": "3.9", "profiles": {}, "started_at": {"load_nexus.LoadNexus.time_load_event_nexus": 1634876597129, "transform_coords.TransformCoords.time_energy_to_tof": 1634876611974, "transform_coords.TransformCoords.time_tof_to_dspacing": 1634876630833, "transform_coords.TransformCoords.time_tof_to_energy": 1634876649733, "transform_coords.TransformCoords.time_tof_to_wavelength": 1634876669488, "transform_coords.TransformCoords.time_wavelength_to_tof": 1634876688338}, "ended_at": {"load_nexus.LoadNexus.time_load_event_nexus": 1634876611974, "transform_coords.TransformCoords.time_energy_to_tof": 1634876630832, "transform_coords.TransformCoords.time_tof_to_dspacing": 1634876649733, "transform_coords.TransformCoords.time_tof_to_energy": 1634876669488, "transform_coords.TransformCoords.time_tof_to_wavelength": 1634876688338, "transform_coords.TransformCoords.time_wavelength_to_tof": 1634876707241}, "benchmark_version": {"load_nexus.LoadNexus.time_load_event_nexus": "9bb61e37c240f4221eff71f827efb0f1cfb5371f7c6b0e72f79b9ca92578e5e9", "transform_coords.TransformCoords.time_energy_to_tof": "f1ea8beffb41e75997f96056160ef6dd12d9afb53546d00f7e0cb2b307a616bb", "transform_coords.TransformCoords.time_tof_to_dspacing": "76d3e8bdf45621127e026f90298e8f292d01ddb57cb7caf05a5ce555a659d8ac", "transform_coords.TransformCoords.time_tof_to_energy": "32774381c7e0285d159959187b4537339285cc2573292bc6b39f5edd04d4bc0b", "transform_coords.TransformCoords.time_tof_to_wavelength": "46879c3a68b31604accd5a00f4187eb567d166242d70d944aa010a5d6f8de380", "transform_coords.TransformCoords.time_wavelength_to_tof": "d4710ab73daad9eb187b2c50c320802720ae09b880a656f3ac5284d75fea178b"}, "version": 1}