{"results": {"load_nexus.LoadNexus.time_load_event_nexus": {"result": [4.615403289000028], "stats": [{"ci_99": [4.43984036393709, 4.855832056562923], "q_25": 4.586298356750021, "q_75": 4.676941142500013, "min": 4.581073360999994, "max": 4.779464901999972, "mean": 4.647836210250006, "std": 0.07966284588066826, "repeat": 4, "number": 1}]}, "transform_coords.TransformCoords.time_energy_to_tof": {"result": [0.0013478973333368078], "stats": [{"ci_99": [0.001321142916015378, 0.0013825735284251353], "q_25": 0.0013361227500017965, "q_75": 0.0013668589166660656, "min": 0.0013308126666515818, "max": 0.001379164666663731, "mean": 0.0013518582222202564, "std": 1.8168491702939595e-05, "repeat": 6, "number": 6}]}, "transform_coords.TransformCoords.time_tof_to_dspacing": {"result": [0.03433331849998922], "stats": [{"ci_99": [0.03401458996849742, 0.034622731364796315], "q_25": 0.03417366774996822, "q_75": 0.03446961799994597, "min": 0.03405816000002915, "max": 0.03455166499998086, "mean": 0.03431866066664687, "std": 0.00017928531542493766, "repeat": 6, "number": 1}]}, "transform_coords.TransformCoords.time_tof_to_energy": {"result": [0.25549102400000834], "stats": [{"ci_99": [0.25475514167123897, 0.256609635000018], "q_25": 0.25514996775000043, "q_75": 0.2557332737500104, "min": 0.25500585300005696, "max": 0.256609635000018, "mean": 0.2555746403333501, "std": 0.000538656795262856, "repeat": 6, "number": 1}]}, "transform_coords.TransformCoords.time_tof_to_wavelength": {"result": [0.0013508640000026162], "stats": [{"ci_99": [0.001247102060479111, 0.0017600569999937459], "q_25": 0.0013434895833365583, "q_75": 0.0013669526666693816, "min": 0.0013334459999896353, "max": 0.0017600569999937459, "mean": 0.001418096333332465, "std": 0.00015338239931541188, "repeat": 6, "number": 6}]}, "transform_coords.TransformCoords.time_wavelength_to_tof": {"result": [0.032006807000016124], "stats": [{"ci_99": [0.03166149300000143, 0.03223629799998662], "q_25": 0.031935118750027414, "q_75": 0.03204855974999532, "min": 0.03166149300000143, "max": 0.03223629799998662, "mean": 0.03198085083333998, "std": 0.00017274507998570195, "repeat": 6, "number": 1}]}}, "params": {"cpu": "2 Core CPU", "machine": "cloud-container", "os": "Ubuntu latest", "ram": "7GB", "python": "3.9", "appdirs": "", "cmake": "", "conan": "", "ess-dmsc::ess-streaming-data-types": "", "h5py": "", "ipykernel": "6.3.1", "ipympl": "", "ipywidgets": "", "mantid-framework": "", "matplotlib-base": "", "ninja": "", "numpy": "", "pip": "", "pooch": "", "python-configuration": "", "python-confluent-kafka": "", "pythreejs": "", "pyyaml": "", "scipp::scipp": "", "scipy": "", "tbb": ""}, "requirements": {"appdirs": "", "cmake": "", "conan": "", "ess-dmsc::ess-streaming-data-types": "", "h5py": "", "ipykernel": "6.3.1", "ipympl": "", "ipywidgets": "", "mantid-framework": "", "matplotlib-base": "", "ninja": "", "numpy": "", "pip": "", "pooch": "", "python-configuration": "", "python-confluent-kafka": "", "pythreejs": "", "pyyaml": "", "scipp::scipp": "", "scipy": "", "tbb": ""}, "commit_hash": "103b066ca64cd3ab983453ca8a44a3a9463a1aa5", "date": 1634830958000, "env_name": "conda-py3.9-appdirs-cmake-conan-ess-dmsc__ess-streaming-data-types-h5py-ipykernel6.3.1-ipympl-ipywidgets-mantid-framework-matplotlib-base-ninja-numpy-pip-pooch-python-configuration-python-confluent-kafka-pythreejs-pyyaml-scipp__scipp-scipy-tbb", "python": "3.9", "profiles": {}, "started_at": {"load_nexus.LoadNexus.time_load_event_nexus": 1634834243988, "transform_coords.TransformCoords.time_energy_to_tof": 1634834258534, "transform_coords.TransformCoords.time_tof_to_dspacing": 1634834276939, "transform_coords.TransformCoords.time_tof_to_energy": 1634834295388, "transform_coords.TransformCoords.time_tof_to_wavelength": 1634834314641, "transform_coords.TransformCoords.time_wavelength_to_tof": 1634834332939}, "ended_at": {"load_nexus.LoadNexus.time_load_event_nexus": 1634834258534, "transform_coords.TransformCoords.time_energy_to_tof": 1634834276939, "transform_coords.TransformCoords.time_tof_to_dspacing": 1634834295388, "transform_coords.TransformCoords.time_tof_to_energy": 1634834314640, "transform_coords.TransformCoords.time_tof_to_wavelength": 1634834332939, "transform_coords.TransformCoords.time_wavelength_to_tof": 1634834351345}, "benchmark_version": {"load_nexus.LoadNexus.time_load_event_nexus": "9bb61e37c240f4221eff71f827efb0f1cfb5371f7c6b0e72f79b9ca92578e5e9", "transform_coords.TransformCoords.time_energy_to_tof": "f1ea8beffb41e75997f96056160ef6dd12d9afb53546d00f7e0cb2b307a616bb", "transform_coords.TransformCoords.time_tof_to_dspacing": "76d3e8bdf45621127e026f90298e8f292d01ddb57cb7caf05a5ce555a659d8ac", "transform_coords.TransformCoords.time_tof_to_energy": "32774381c7e0285d159959187b4537339285cc2573292bc6b39f5edd04d4bc0b", "transform_coords.TransformCoords.time_tof_to_wavelength": "46879c3a68b31604accd5a00f4187eb567d166242d70d944aa010a5d6f8de380", "transform_coords.TransformCoords.time_wavelength_to_tof": "d4710ab73daad9eb187b2c50c320802720ae09b880a656f3ac5284d75fea178b"}, "version": 1}