{"results": {"load_nexus.LoadNexus.time_load_event_nexus": {"result": [6.026033328500034], "stats": [{"ci_99": [1.5645220034982685, 10.487544653501796], "q_25": 5.981418215250017, "q_75": 6.070648441750052, "min": 5.936803101999999, "max": 6.11526355500007, "mean": 6.026033328500034, "std": 0.08923022650003531, "repeat": 2, "number": 1}]}, "transform_coords.TransformCoords.time_energy_to_tof": {"result": [0.002612731299996085], "stats": [{"ci_99": [-0.00028278705254608603, 0.005707712952547723], "q_25": 0.0017245654999953786, "q_75": 0.0036006287500015333, "min": 0.0016499395999971967, "max": 0.003974449600013941, "mean": 0.0027124629500008273, "std": 0.0010285912639290482, "repeat": 4, "number": 5}]}, "transform_coords.TransformCoords.time_tof_to_dspacing": {"result": [0.045064383000010366], "stats": [{"ci_99": [0.04242402735625534, 0.04929751464376079], "q_25": 0.04500270775002946, "q_75": 0.04592244624998898, "min": 0.04493544700005714, "max": 0.048378870999954415, "mean": 0.04586077100000807, "std": 0.001455043102260558, "repeat": 4, "number": 1}]}, "transform_coords.TransformCoords.time_tof_to_energy": {"result": [0.3489303014999905], "stats": [{"ci_99": [0.3205494357402422, 0.37096078875982175], "q_25": 0.34115893550000465, "q_75": 0.3535264782500178, "min": 0.3310739360000525, "max": 0.3540859100000944, "mean": 0.34575511225003197, "std": 0.009273533309129563, "repeat": 4, "number": 1}]}, "transform_coords.TransformCoords.time_tof_to_wavelength": {"result": [0.0020441642000037065], "stats": [{"ci_99": [0.0009429121017058768, 0.0032908475983082853], "q_25": 0.0017248903999984575, "q_75": 0.0024361536500123295, "min": 0.0017224604000148247, "max": 0.002656730600006085, "mean": 0.0021168798500070807, "std": 0.0004063308535393367, "repeat": 4, "number": 5}]}, "transform_coords.TransformCoords.time_wavelength_to_tof": {"result": [0.04284925750005186], "stats": [{"ci_99": [0.03858475504290014, 0.04803814845712861], "q_25": 0.0421802575000072, "q_75": 0.043980451750059046, "min": 0.041369223999936366, "max": 0.04617806800001745, "mean": 0.043311451750014385, "std": 0.0017842951565496137, "repeat": 4, "number": 1}]}}, "params": {"cpu": "2 Core CPU", "machine": "cloud-container", "os": "Ubuntu latest", "ram": "7GB", "python": "3.9", "appdirs": "", "cmake": "", "conan": "", "ess-dmsc::ess-streaming-data-types": "", "h5py": "", "ipykernel": "6.3.1", "ipympl": "", "ipywidgets": "", "mantid-framework": "", "matplotlib-base": "", "ninja": "", "numpy": "", "pip": "", "pooch": "", "python-configuration": "", "python-confluent-kafka": "", "pythreejs": "", "pyyaml": "", "scipp::scipp": "", "scipy": "", "tbb": ""}, "requirements": {"appdirs": "", "cmake": "", "conan": "", "ess-dmsc::ess-streaming-data-types": "", "h5py": "", "ipykernel": "6.3.1", "ipympl": "", "ipywidgets": "", "mantid-framework": "", "matplotlib-base": "", "ninja": "", "numpy": "", "pip": "", "pooch": "", "python-configuration": "", "python-confluent-kafka": "", "pythreejs": "", "pyyaml": "", "scipp::scipp": "", "scipy": "", "tbb": ""}, "commit_hash": "103b066ca64cd3ab983453ca8a44a3a9463a1aa5", "date": 1634830958000, "env_name": "conda-py3.9-appdirs-cmake-conan-ess-dmsc__ess-streaming-data-types-h5py-ipykernel6.3.1-ipympl-ipywidgets-mantid-framework-matplotlib-base-ninja-numpy-pip-pooch-python-configuration-python-confluent-kafka-pythreejs-pyyaml-scipp__scipp-scipy-tbb", "python": "3.9", "profiles": {}, "started_at": {"load_nexus.LoadNexus.time_load_event_nexus": 1634847756503, "transform_coords.TransformCoords.time_energy_to_tof": 1634847768954, "transform_coords.TransformCoords.time_tof_to_dspacing": 1634847788478, "transform_coords.TransformCoords.time_tof_to_energy": 1634847808369, "transform_coords.TransformCoords.time_tof_to_wavelength": 1634847828945, "transform_coords.TransformCoords.time_wavelength_to_tof": 1634847848437}, "ended_at": {"load_nexus.LoadNexus.time_load_event_nexus": 1634847768953, "transform_coords.TransformCoords.time_energy_to_tof": 1634847788477, "transform_coords.TransformCoords.time_tof_to_dspacing": 1634847808369, "transform_coords.TransformCoords.time_tof_to_energy": 1634847828945, "transform_coords.TransformCoords.time_tof_to_wavelength": 1634847848436, "transform_coords.TransformCoords.time_wavelength_to_tof": 1634847867916}, "benchmark_version": {"load_nexus.LoadNexus.time_load_event_nexus": "9bb61e37c240f4221eff71f827efb0f1cfb5371f7c6b0e72f79b9ca92578e5e9", "transform_coords.TransformCoords.time_energy_to_tof": "f1ea8beffb41e75997f96056160ef6dd12d9afb53546d00f7e0cb2b307a616bb", "transform_coords.TransformCoords.time_tof_to_dspacing": "76d3e8bdf45621127e026f90298e8f292d01ddb57cb7caf05a5ce555a659d8ac", "transform_coords.TransformCoords.time_tof_to_energy": "32774381c7e0285d159959187b4537339285cc2573292bc6b39f5edd04d4bc0b", "transform_coords.TransformCoords.time_tof_to_wavelength": "46879c3a68b31604accd5a00f4187eb567d166242d70d944aa010a5d6f8de380", "transform_coords.TransformCoords.time_wavelength_to_tof": "d4710ab73daad9eb187b2c50c320802720ae09b880a656f3ac5284d75fea178b"}, "version": 1}