{"results": {"load_nexus.LoadNexus.time_load_event_nexus": {"result": [4.398169422500018], "stats": [{"ci_99": [3.9178262302467237, 4.8908279687532605], "q_25": 4.241878367499993, "q_75": 4.56061815450002, "min": 4.231670574999953, "max": 4.589298977999988, "mean": 4.404327099499994, "std": 0.1664710681573437, "repeat": 4, "number": 1}]}, "transform_coords.TransformCoords.time_energy_to_tof": {"result": [0.001229420000006106], "stats": [{"ci_99": [0.0011399124308452695, 0.0013961014580435795], "q_25": 0.0012097054166654668, "q_75": 0.0013298612083332273, "min": 0.0011869913333271143, "max": 0.0013957348333330326, "mean": 0.0012680069444444245, "std": 8.045355596969737e-05, "repeat": 6, "number": 6}]}, "transform_coords.TransformCoords.time_tof_to_dspacing": {"result": [0.03641698249998626], "stats": [{"ci_99": [0.03526793402878918, 0.037351790971211135], "q_25": 0.03575143200001207, "q_75": 0.03676800099998445, "min": 0.035490512000023955, "max": 0.03712010899999996, "mean": 0.03630986250000016, "std": 0.0006094576891068368, "repeat": 6, "number": 1}]}, "transform_coords.TransformCoords.time_tof_to_energy": {"result": [0.2524959754999827], "stats": [{"ci_99": [0.23523341799995023, 0.25997774731399936], "q_25": 0.24956930400000488, "q_75": 0.2551627195000208, "min": 0.23523341799995023, "max": 0.2557946320000042, "mean": 0.2501108969999943, "std": 0.007088312100632803, "repeat": 6, "number": 1}]}, "transform_coords.TransformCoords.time_tof_to_wavelength": {"result": [0.0012182166428626067], "stats": [{"ci_99": [0.0011684986486427663, 0.0013243519999995052], "q_25": 0.0012087563214241267, "q_75": 0.001279205071430819, "min": 0.0012007708571510583, "max": 0.0013243519999995052, "mean": 0.0012444489285734388, "std": 4.8433814981780435e-05, "repeat": 6, "number": 7}]}, "transform_coords.TransformCoords.time_wavelength_to_tof": {"result": [0.03478484949999938], "stats": [{"ci_99": [0.03306371546355139, 0.03613297920309737], "q_25": 0.03389775475004342, "q_75": 0.03539717274998111, "min": 0.03316160999997919, "max": 0.0356554379999352, "mean": 0.03459834733332438, "std": 0.0009174188160250018, "repeat": 6, "number": 1}]}}, "params": {"cpu": "2 Core CPU", "machine": "cloud-container", "os": "Ubuntu latest", "ram": "7GB", "python": "3.9", "appdirs": "", "cmake": "", "conan": "", "ess-dmsc::ess-streaming-data-types": "", "h5py": "", "ipykernel": "6.3.1", "ipympl": "", "ipywidgets": "", "mantid-framework": "", "matplotlib-base": "", "ninja": "", "numpy": "", "pip": "", "pooch": "", "python-configuration": "", "python-confluent-kafka": "", "pythreejs": "", "pyyaml": "", "scipp::scipp": "", "scipy": "", "tbb": ""}, "requirements": {"appdirs": "", "cmake": "", "conan": "", "ess-dmsc::ess-streaming-data-types": "", "h5py": "", "ipykernel": "6.3.1", "ipympl": "", "ipywidgets": "", "mantid-framework": "", "matplotlib-base": "", "ninja": "", "numpy": "", "pip": "", "pooch": "", "python-configuration": "", "python-confluent-kafka": "", "pythreejs": "", "pyyaml": "", "scipp::scipp": "", "scipy": "", "tbb": ""}, "commit_hash": "103b066ca64cd3ab983453ca8a44a3a9463a1aa5", "date": 1634830958000, "env_name": "conda-py3.9-appdirs-cmake-conan-ess-dmsc__ess-streaming-data-types-h5py-ipykernel6.3.1-ipympl-ipywidgets-mantid-framework-matplotlib-base-ninja-numpy-pip-pooch-python-configuration-python-confluent-kafka-pythreejs-pyyaml-scipp__scipp-scipy-tbb", "python": "3.9", "profiles": {}, "started_at": {"load_nexus.LoadNexus.time_load_event_nexus": 1634851084173, "transform_coords.TransformCoords.time_energy_to_tof": 1634851097817, "transform_coords.TransformCoords.time_tof_to_dspacing": 1634851115317, "transform_coords.TransformCoords.time_tof_to_energy": 1634851132519, "transform_coords.TransformCoords.time_tof_to_wavelength": 1634851151024, "transform_coords.TransformCoords.time_wavelength_to_tof": 1634851168429}, "ended_at": {"load_nexus.LoadNexus.time_load_event_nexus": 1634851097816, "transform_coords.TransformCoords.time_energy_to_tof": 1634851115317, "transform_coords.TransformCoords.time_tof_to_dspacing": 1634851132519, "transform_coords.TransformCoords.time_tof_to_energy": 1634851151024, "transform_coords.TransformCoords.time_tof_to_wavelength": 1634851168429, "transform_coords.TransformCoords.time_wavelength_to_tof": 1634851186840}, "benchmark_version": {"load_nexus.LoadNexus.time_load_event_nexus": "9bb61e37c240f4221eff71f827efb0f1cfb5371f7c6b0e72f79b9ca92578e5e9", "transform_coords.TransformCoords.time_energy_to_tof": "f1ea8beffb41e75997f96056160ef6dd12d9afb53546d00f7e0cb2b307a616bb", "transform_coords.TransformCoords.time_tof_to_dspacing": "76d3e8bdf45621127e026f90298e8f292d01ddb57cb7caf05a5ce555a659d8ac", "transform_coords.TransformCoords.time_tof_to_energy": "32774381c7e0285d159959187b4537339285cc2573292bc6b39f5edd04d4bc0b", "transform_coords.TransformCoords.time_tof_to_wavelength": "46879c3a68b31604accd5a00f4187eb567d166242d70d944aa010a5d6f8de380", "transform_coords.TransformCoords.time_wavelength_to_tof": "d4710ab73daad9eb187b2c50c320802720ae09b880a656f3ac5284d75fea178b"}, "version": 1}