{"results": {"load_nexus.LoadNexus.time_load_event_nexus": {"result": [4.63869134000015], "stats": [{"ci_99": [4.340381444500899, 4.954047343498879], "q_25": 4.569951147249981, "q_75": 4.715954586750058, "min": 4.5096173919996545, "max": 4.801857503999599, "mean": 4.647214393999889, "std": 0.1092271247611769, "repeat": 4, "number": 1}]}, "transform_coords.TransformCoords.time_energy_to_tof": {"result": [0.0013392188333606705], "stats": [{"ci_99": [0.0012939960808416907, 0.0014560878332758875], "q_25": 0.001327906333320546, "q_75": 0.0013503570833108824, "min": 0.001315235499987466, "max": 0.0014560878332758875, "mean": 0.0013546610555421367, "std": 4.695556230661392e-05, "repeat": 6, "number": 6}]}, "transform_coords.TransformCoords.time_tof_to_dspacing": {"result": [0.03356828799996947], "stats": [{"ci_99": [0.03347319399972548, 0.033627904132605003], "q_25": 0.03354323624978406, "q_75": 0.033586136750273, "min": 0.03347319399972548, "max": 0.03361629399978483, "mean": 0.033558839333257616, "std": 4.5337319356014686e-05, "repeat": 6, "number": 1}]}, "transform_coords.TransformCoords.time_tof_to_energy": {"result": [0.25460304950001955], "stats": [{"ci_99": [0.2541950849999921, 0.2548676023618026], "q_25": 0.2543891985000073, "q_75": 0.2546859362499845, "min": 0.2541950849999921, "max": 0.2547728939998706, "mean": 0.2545342596666463, "std": 0.00020598438933996818, "repeat": 6, "number": 1}]}, "transform_coords.TransformCoords.time_tof_to_wavelength": {"result": [0.0013334528333264948], "stats": [{"ci_99": [0.0013232631247854776, 0.0013427312085464078], "q_25": 0.0013292068750085189, "q_75": 0.0013362235416707335, "min": 0.0013236025000272396, "max": 0.001342536166627421, "mean": 0.0013329971666659428, "std": 6.050945526720338e-06, "repeat": 6, "number": 6}]}, "transform_coords.TransformCoords.time_wavelength_to_tof": {"result": [0.03153320799992798], "stats": [{"ci_99": [0.029907415321087358, 0.03837646700003461], "q_25": 0.03148893624984339, "q_75": 0.031585438000092836, "min": 0.031454560000383935, "max": 0.03837646700003461, "mean": 0.03266241166670625, "std": 0.002555842581088339, "repeat": 6, "number": 1}]}}, "params": {"cpu": "2 Core CPU", "machine": "cloud-container", "os": "Ubuntu latest", "ram": "7GB", "python": "3.9", "appdirs": "", "cmake": "", "conan": "", "ess-dmsc::ess-streaming-data-types": "", "h5py": "", "ipykernel": "6.3.1", "ipympl": "", "ipywidgets": "", "mantid-framework": "", "matplotlib-base": "", "ninja": "", "numpy": "", "pip": "", "pooch": "", "python-configuration": "", "python-confluent-kafka": "", "pythreejs": "", "pyyaml": "", "scipp::scipp": "", "scipy": "", "tbb": ""}, "requirements": {"appdirs": "", "cmake": "", "conan": "", "ess-dmsc::ess-streaming-data-types": "", "h5py": "", "ipykernel": "6.3.1", "ipympl": "", "ipywidgets": "", "mantid-framework": "", "matplotlib-base": "", "ninja": "", "numpy": "", "pip": "", "pooch": "", "python-configuration": "", "python-confluent-kafka": "", "pythreejs": "", "pyyaml": "", "scipp::scipp": "", "scipy": "", "tbb": ""}, "commit_hash": "6b13fd85653a91a6c4a01e474b2ab2f73d01c22c", "date": 1634886337000, "env_name": "conda-py3.9-appdirs-cmake-conan-ess-dmsc__ess-streaming-data-types-h5py-ipykernel6.3.1-ipympl-ipywidgets-mantid-framework-matplotlib-base-ninja-numpy-pip-pooch-python-configuration-python-confluent-kafka-pythreejs-pyyaml-scipp__scipp-scipy-tbb", "python": "3.9", "profiles": {}, "started_at": {"load_nexus.LoadNexus.time_load_event_nexus": 1634887196242, "transform_coords.TransformCoords.time_energy_to_tof": 1634887210685, "transform_coords.TransformCoords.time_tof_to_dspacing": 1634887229033, "transform_coords.TransformCoords.time_tof_to_energy": 1634887247484, "transform_coords.TransformCoords.time_tof_to_wavelength": 1634887266783, "transform_coords.TransformCoords.time_wavelength_to_tof": 1634887285131}, "ended_at": {"load_nexus.LoadNexus.time_load_event_nexus": 1634887210684, "transform_coords.TransformCoords.time_energy_to_tof": 1634887229033, "transform_coords.TransformCoords.time_tof_to_dspacing": 1634887247483, "transform_coords.TransformCoords.time_tof_to_energy": 1634887266783, "transform_coords.TransformCoords.time_tof_to_wavelength": 1634887285131, "transform_coords.TransformCoords.time_wavelength_to_tof": 1634887303579}, "benchmark_version": {"load_nexus.LoadNexus.time_load_event_nexus": "9bb61e37c240f4221eff71f827efb0f1cfb5371f7c6b0e72f79b9ca92578e5e9", "transform_coords.TransformCoords.time_energy_to_tof": "f1ea8beffb41e75997f96056160ef6dd12d9afb53546d00f7e0cb2b307a616bb", "transform_coords.TransformCoords.time_tof_to_dspacing": "76d3e8bdf45621127e026f90298e8f292d01ddb57cb7caf05a5ce555a659d8ac", "transform_coords.TransformCoords.time_tof_to_energy": "32774381c7e0285d159959187b4537339285cc2573292bc6b39f5edd04d4bc0b", "transform_coords.TransformCoords.time_tof_to_wavelength": "46879c3a68b31604accd5a00f4187eb567d166242d70d944aa010a5d6f8de380", "transform_coords.TransformCoords.time_wavelength_to_tof": "d4710ab73daad9eb187b2c50c320802720ae09b880a656f3ac5284d75fea178b"}, "version": 1}